date,id,v,t
2026-09-22,96,84,-8
2026-09-22,421,1139,-359
2026-09-22,1166,58,15
2026-09-22,1373,51,-14
2026-09-22,1466,1391,121
2026-09-22,1479,68,-127
2026-09-22,2133,2419,-347
2026-09-22,2216,2168,238
2026-09-22,2449,1464,561
2026-09-22,3161,112,112
2026-09-22,3163,1477,790
2026-09-22,3198,7604,1412
2026-09-22,3214,290,-6
2026-09-22,3257,68,-5
2026-09-22,3294,1785,-162
2026-09-22,3634,6,7
2026-09-22,4017,26,17
2026-09-22,4034,8287,-373
2026-09-22,4035,232,106
2026-09-22,4037,852,-29
2026-09-22,4046,2140,439
2026-09-22,4177,29,30
2026-09-22,4199,1541,1104
2026-09-22,4217,1585,112
2026-09-22,4866,5692,-1164
2026-09-22,4881,4334,-46
2026-09-22,4892,836,2
2026-09-22,4943,171,-144
2026-09-22,4983,2850,117
2026-09-22,4984,6874,701
2026-09-22,4993,100,103
2026-09-22,5001,576,423
2026-09-22,5012,877,120
2026-09-22,5022,1121,611
2026-09-22,5045,859,-161
2026-09-22,5844,270,91
2026-09-22,5846,1460,134
2026-09-22,5849,330,-327
2026-09-22,5850,2102,-2341
2026-09-22,5854,38,38
2026-09-22,5859,2521,-3659
2026-09-22,5870,156,-69
2026-09-22,5872,1041,525
2026-09-22,5892,4118,810
2026-09-22,5927,1496,-761
2026-09-22,5947,441,56
2026-09-22,5967,866,-455
2026-09-22,6130,142,143
2026-09-22,6770,2174,-1034
2026-09-22,6786,7612,297
2026-09-22,6790,4071,648
2026-09-22,6794,7465,-228
2026-09-22,6797,1220,-1093
2026-09-22,6801,3172,-611
2026-09-22,6804,1000,198
2026-09-22,6806,976,-123
2026-09-22,6813,8407,254
2026-09-22,6819,573,-321
2026-09-22,6904,2313,-441
2026-09-22,7002,729,429
2026-09-22,7021,1126,-295
2026-09-22,7523,1951,-22
2026-09-22,7525,4107,76
2026-09-22,7526,2848,-397
2026-09-22,7543,2526,-1461
2026-09-22,7547,8783,492
2026-09-22,7553,730,-926
2026-09-22,7564,9234,53
2026-09-22,7567,369,-605
2026-09-22,7569,4807,-492
2026-09-22,7571,173,175
2026-09-22,7588,4767,53
2026-09-22,7594,2763,1265
2026-09-22,7600,96,99
2026-09-22,7611,1404,26
2026-09-22,8110,732,-71
2026-09-22,8112,4439,-1639
2026-09-22,8121,522,-72
2026-09-22,8126,371,-496
2026-09-22,8130,6132,644
2026-09-22,8131,1957,1236
2026-09-22,8132,360,43
2026-09-22,8134,575,104
2026-09-22,8136,642,25
2026-09-22,8137,3995,-1346
2026-09-22,8138,7823,135
2026-09-22,8142,922,7
2026-09-22,8144,5651,832
2026-09-22,8146,3511,1
2026-09-22,8148,1494,-879
2026-09-22,8150,4454,-176
2026-09-22,8151,7907,1415
2026-09-22,8154,117,-57
2026-09-22,8155,4744,608
2026-09-22,8161,225,12
2026-09-22,8167,2674,646
2026-09-22,8180,75,-169
2026-09-22,8183,1699,471
2026-09-22,8205,15,-49
2026-09-22,8228,1642,-557
2026-09-22,8408,374,-450
2026-09-22,8676,147,-211
2026-09-22,9221,10633,196
2026-09-22,9224,6135,-709
2026-09-22,9225,155,36
2026-09-22,9226,5894,-1812
2026-09-22,9228,1022,818
2026-09-22,9480,202,-16
2026-09-22,9482,134,138
2026-09-22,9484,1393,-682
2026-09-22,9486,556,560
2026-09-22,9487,3043,1369
2026-09-22,9488,9549,525
2026-09-22,9493,8150,-891
2026-09-22,9500,804,-158
2026-09-22,9501,11,12
2026-09-22,9502,34,-97
2026-09-22,9504,154,156
2026-09-22,9508,106,-55
2026-09-22,9509,9797,-542
2026-09-22,9511,57,-89
2026-09-22,9753,325,-179
2026-09-22,9754,529,-203
2026-09-22,9756,606,-392
2026-09-22,9758,388,104
2026-09-22,9997,4127,352
2026-09-22,10213,221,153
2026-09-22,10218,26,27
2026-09-22,10219,155,-163
2026-09-22,10222,384,-517
2026-09-22,10229,3186,-860
2026-09-22,10232,918,-443
2026-09-22,10236,2505,2084
2026-09-22,10859,1872,-119
2026-09-22,11370,4,5
2026-09-22,11560,2464,-211
2026-09-22,11563,845,-736
2026-09-22,11564,1651,-1701
2026-09-22,11566,1251,-1678
2026-09-22,11576,40,-8
2026-09-22,11581,639,413
2026-09-22,11583,491,-438
2026-09-22,11584,3740,582
2026-09-22,11586,1226,249
2026-09-22,11603,46,-116
2026-09-22,11604,4614,-1431
2026-09-22,11610,120,-8
2026-09-22,11620,1411,-533
2026-09-22,11624,541,145
2026-09-22,11625,40,41
2026-09-22,11628,909,-954
2026-09-22,11631,1037,-466
2026-09-22,11632,4999,45
2026-09-22,11635,2917,-771
2026-09-22,11646,1835,1320
2026-09-22,11834,558,466
2026-09-22,12474,389,18
2026-09-22,12481,3502,-616
2026-09-22,12487,25,1
2026-09-22,12489,722,-725
2026-09-22,12490,2278,-327
2026-09-22,12492,84,85
2026-09-22,12493,65,-256
2026-09-22,12501,1154,555
2026-09-22,12506,768,-835
2026-09-22,12507,5463,-869
2026-09-22,12508,1765,198
2026-09-22,12512,2200,-932
2026-09-22,12514,2708,-625
2026-09-22,12517,1694,-2087
2026-09-22,12518,2294,-1070
2026-09-22,12519,1703,-726
2026-09-22,12522,120,-134
2026-09-22,12526,2900,-1212
2026-09-22,12527,7110,1439
2026-09-22,12529,2758,-341
2026-09-22,12533,1057,247
2026-09-22,12534,1287,475
2026-09-22,12545,1230,732
2026-09-22,13269,38,-18
2026-09-22,13279,985,-972
2026-09-22,13281,417,-726
2026-09-22,13285,174,145
2026-09-22,13286,2080,-321
2026-09-22,13287,3987,-1046
2026-09-22,13293,41,-257
2026-09-22,13294,311,-739
2026-09-22,13296,434,394
2026-09-22,13298,491,-419
2026-09-22,13301,175,177
2026-09-22,13305,131,-832
2026-09-22,13311,17,18
2026-09-22,13330,135,-144
2026-09-22,13337,268,180
2026-09-22,13345,257,56
2026-09-22,13346,661,380
2026-09-22,13414,595,583
2026-09-22,13417,42,-594
2026-09-23,96,62,-32
2026-09-23,421,1122,-383
2026-09-23,1166,82,38
2026-09-23,1373,52,-13
2026-09-23,1466,1873,620
2026-09-23,1479,13,-185
2026-09-23,2133,2750,-58
2026-09-23,2216,2134,184
2026-09-23,2449,1561,662
2026-09-23,3161,43,43
2026-09-23,3163,1317,631
2026-09-23,3198,7579,1334
2026-09-23,3214,298,5
2026-09-23,3257,58,-14
2026-09-23,3294,1725,-312
2026-09-23,3634,15,16
2026-09-23,4017,28,18
2026-09-23,4034,7912,-797
2026-09-23,4035,296,164
2026-09-23,4037,757,-119
2026-09-23,4046,2323,621
2026-09-23,4177,16,17
2026-09-23,4199,1297,859
2026-09-23,4217,1742,243
2026-09-23,4866,5405,-1507
2026-09-23,4881,4167,-256
2026-09-23,4892,488,-353
2026-09-23,4943,161,-154
2026-09-23,4983,2571,-186
2026-09-23,4984,6745,524
2026-09-23,4993,51,53
2026-09-23,5001,557,403
2026-09-23,5012,817,55
2026-09-23,5022,1080,569
2026-09-23,5045,684,-341
2026-09-23,5844,271,90
2026-09-23,5846,1261,-63
2026-09-23,5849,316,-338
2026-09-23,5850,2159,-2329
2026-09-23,5854,30,30
2026-09-23,5859,2525,-3721
2026-09-23,5870,168,-59
2026-09-23,5872,961,436
2026-09-23,5892,3549,212
2026-09-23,5927,1323,-960
2026-09-23,5947,389,-1
2026-09-23,5967,930,-390
2026-09-23,6130,92,93
2026-09-23,6770,1921,-1324
2026-09-23,6783,23,-14
2026-09-23,6786,7543,161
2026-09-23,6790,4399,936
2026-09-23,6794,7313,-452
2026-09-23,6797,1162,-1151
2026-09-23,6801,3109,-729
2026-09-23,6804,1050,242
2026-09-23,6806,754,-348
2026-09-23,6813,8619,415
2026-09-23,6819,432,-452
2026-09-23,6904,2301,-490
2026-09-23,7002,807,509
2026-09-23,7021,838,-580
2026-09-23,7090,2,3
2026-09-23,7523,1916,-48
2026-09-23,7525,4232,157
2026-09-23,7526,3050,-211
2026-09-23,7543,2349,-1683
2026-09-23,7547,9006,667
2026-09-23,7553,852,-797
2026-09-23,7564,9459,268
2026-09-23,7567,405,-583
2026-09-23,7569,5345,17
2026-09-23,7571,342,345
2026-09-23,7588,4653,-111
2026-09-23,7594,2776,1279
2026-09-23,7600,91,94
2026-09-23,7611,1431,54
2026-09-23,8110,930,121
2026-09-23,8112,4388,-1746
2026-09-23,8121,522,-81
2026-09-23,8126,345,-516
2026-09-23,8130,5840,289
2026-09-23,8131,1487,753
2026-09-23,8132,373,56
2026-09-23,8134,472,2
2026-09-23,8136,695,72
2026-09-23,8137,4384,-1002
2026-09-23,8138,7156,-613
2026-09-23,8142,593,-324
2026-09-23,8144,5668,787
2026-09-23,8146,3910,365
2026-09-23,8148,1575,-825
2026-09-23,8150,4611,-57
2026-09-23,8151,8033,1492
2026-09-23,8154,130,-47
2026-09-23,8155,4636,460
2026-09-23,8161,161,-54
2026-09-23,8167,2703,640
2026-09-23,8180,46,-200
2026-09-23,8183,1617,385
2026-09-23,8228,1943,-278
2026-09-23,8408,370,-454
2026-09-23,8676,152,-203
2026-09-23,9221,10647,189
2026-09-23,9224,6023,-896
2026-09-23,9225,219,98
2026-09-23,9226,5837,-1943
2026-09-23,9228,867,661
2026-09-23,9480,187,-34
2026-09-23,9482,98,101
2026-09-23,9484,1249,-856
2026-09-23,9486,492,496
2026-09-23,9487,3217,1540
2026-09-23,9488,9617,560
2026-09-23,9493,8235,-852
2026-09-23,9500,1023,72
2026-09-23,9502,45,-87
2026-09-23,9504,153,155
2026-09-23,9508,140,-23
2026-09-23,9509,9843,-482
2026-09-23,9511,65,-82
2026-09-23,9753,364,-141
2026-09-23,9754,500,-236
2026-09-23,9756,505,-511
2026-09-23,9758,344,59
2026-09-23,9997,4200,386
2026-09-23,10213,343,274
2026-09-23,10218,29,30
2026-09-23,10219,175,-143
2026-09-23,10222,280,-653
2026-09-23,10229,3061,-1031
2026-09-23,10232,865,-496
2026-09-23,10236,2392,1967
2026-09-23,10859,1751,-264
2026-09-23,11370,6,7
2026-09-23,11559,8,8
2026-09-23,11560,1961,-740
2026-09-23,11563,649,-946
2026-09-23,11564,1688,-1668
2026-09-23,11566,1060,-1903
2026-09-23,11576,46,-2
2026-09-23,11581,494,267
2026-09-23,11583,391,-541
2026-09-23,11584,3873,678
2026-09-23,11586,1268,295
2026-09-23,11603,53,-110
2026-09-23,11604,5204,-885
2026-09-23,11610,171,43
2026-09-23,11620,1374,-590
2026-09-23,11624,557,163
2026-09-23,11625,60,61
2026-09-23,11628,715,-1165
2026-09-23,11631,796,-716
2026-09-23,11632,4447,-559
2026-09-23,11635,2780,-955
2026-09-23,11646,1839,1326
2026-09-23,11655,23,-221
2026-09-23,11834,595,503
2026-09-23,12474,591,219
2026-09-23,12481,3425,-761
2026-09-23,12487,33,6
2026-09-23,12489,573,-881
2026-09-23,12490,2265,-372
2026-09-23,12492,70,71
2026-09-23,12493,138,-199
2026-09-23,12501,1033,435
2026-09-23,12506,755,-857
2026-09-23,12507,5393,-997
2026-09-23,12508,1531,-43
2026-09-23,12512,2007,-1166
2026-09-23,12514,2612,-759
2026-09-23,12517,1727,-2099
2026-09-23,12518,2240,-1189
2026-09-23,12519,1474,-989
2026-09-23,12522,111,-147
2026-09-23,12526,3370,-779
2026-09-23,12527,7099,1372
2026-09-23,12529,2599,-538
2026-09-23,12533,969,163
2026-09-23,12534,1214,407
2026-09-23,12545,1157,658
2026-09-23,13269,35,-23
2026-09-23,13279,1004,-970
2026-09-23,13281,585,-561
2026-09-23,13285,163,134
2026-09-23,13286,1826,-607
2026-09-23,13287,3869,-1216
2026-09-23,13293,42,-263
2026-09-23,13294,333,-725
2026-09-23,13296,426,386
2026-09-23,13298,526,-370
2026-09-23,13301,194,196
2026-09-23,13305,156,-810
2026-09-23,13330,119,-162
2026-09-23,13337,382,293
2026-09-23,13345,490,285
2026-09-23,13346,830,550
2026-09-23,13414,593,581
2026-09-23,13417,79,-577
2026-09-24,96,34,-63
2026-09-24,421,890,-626
2026-09-24,1166,113,64
2026-09-24,1373,83,-9
2026-09-24,1466,1861,675
2026-09-24,1479,40,-186
2026-09-24,2133,2690,-54
2026-09-24,2216,2019,129
2026-09-24,2307,27,27
2026-09-24,2449,1424,438
2026-09-24,2505,30,7
2026-09-24,3163,1347,601
2026-09-24,3198,7445,1503
2026-09-24,3214,236,-46
2026-09-24,3257,61,-32
2026-09-24,3294,1592,-419
2026-09-24,3634,22,23
2026-09-24,4017,38,6
2026-09-24,4034,8344,-444
2026-09-24,4035,318,191
2026-09-24,4037,696,-191
2026-09-24,4046,2285,527
2026-09-24,4177,9,10
2026-09-24,4199,1116,685
2026-09-24,4217,1721,254
2026-09-24,4866,5389,-1566
2026-09-24,4881,3757,-705
2026-09-24,4892,437,-499
2026-09-24,4943,169,-179
2026-09-24,4983,2466,-376
2026-09-24,4984,6753,676
2026-09-24,4993,30,31
2026-09-24,5001,672,544
2026-09-24,5012,891,226
2026-09-24,5022,616,104
2026-09-24,5045,624,-369
2026-09-24,5844,164,24
2026-09-24,5846,1262,-59
2026-09-24,5849,416,-229
2026-09-24,5850,1757,-2840
2026-09-24,5854,72,72
2026-09-24,5859,2321,-3890
2026-09-24,5870,148,-46
2026-09-24,5872,735,262
2026-09-24,5892,3393,74
2026-09-24,5927,1088,-1115
2026-09-24,5947,313,-49
2026-09-24,5967,781,-638
2026-09-24,6130,54,55
2026-09-24,6770,1943,-1304
2026-09-24,6786,7614,123
2026-09-24,6790,3973,679
2026-09-24,6794,6913,-525
2026-09-24,6797,1185,-908
2026-09-24,6801,2873,-793
2026-09-24,6804,691,128
2026-09-24,6806,708,-415
2026-09-24,6813,8950,470
2026-09-24,6819,478,-453
2026-09-24,6904,2152,-470
2026-09-24,7002,663,355
2026-09-24,7021,766,-647
2026-09-24,7523,1417,-600
2026-09-24,7525,4779,612
2026-09-24,7526,2763,-582
2026-09-24,7543,2062,-1789
2026-09-24,7547,8852,347
2026-09-24,7553,719,-946
2026-09-24,7564,9156,-205
2026-09-24,7567,306,-668
2026-09-24,7569,4802,-480
2026-09-24,7571,407,410
2026-09-24,7588,4672,-54
2026-09-24,7594,2980,1581
2026-09-24,7600,92,95
2026-09-24,7611,1220,-112
2026-09-24,8110,889,100
2026-09-24,8112,4080,-1648
2026-09-24,8121,499,-87
2026-09-24,8126,262,-547
2026-09-24,8130,6130,583
2026-09-24,8131,998,244
2026-09-24,8132,317,-26
2026-09-24,8134,395,-89
2026-09-24,8136,546,-68
2026-09-24,8137,4093,-1191
2026-09-24,8138,7369,-367
2026-09-24,8142,378,-480
2026-09-24,8144,5850,926
2026-09-24,8146,3635,248
2026-09-24,8148,1400,-711
2026-09-24,8150,4538,-210
2026-09-24,8151,8511,2282
2026-09-24,8154,126,-77
2026-09-24,8155,4609,357
2026-09-24,8161,136,-78
2026-09-24,8167,2899,862
2026-09-24,8180,21,-229
2026-09-24,8183,1590,381
2026-09-24,8228,1487,-741
2026-09-24,8408,412,-439
2026-09-24,8676,96,-256
2026-09-24,9221,10325,-120
2026-09-24,9224,5765,-1150
2026-09-24,9225,305,183
2026-09-24,9226,5630,-2096
2026-09-24,9228,995,779
2026-09-24,9480,159,-78
2026-09-24,9482,33,34
2026-09-24,9484,1409,-688
2026-09-24,9486,595,600
2026-09-24,9487,3342,1490
2026-09-24,9488,9642,705
2026-09-24,9493,7893,-873
2026-09-24,9500,1110,71
2026-09-24,9502,23,-110
2026-09-24,9504,103,-13
2026-09-24,9508,171,11
2026-09-24,9509,9683,-595
2026-09-24,9511,66,-93
2026-09-24,9753,313,-123
2026-09-24,9754,472,-221
2026-09-24,9756,489,-401
2026-09-24,9758,349,11
2026-09-24,9997,4158,302
2026-09-24,10213,447,376
2026-09-24,10218,22,23
2026-09-24,10219,98,-194
2026-09-24,10222,187,-673
2026-09-24,10229,2622,-1286
2026-09-24,10232,729,-589
2026-09-24,10236,2520,2078
2026-09-24,10859,1880,-48
2026-09-24,11435,117,118
2026-09-24,11559,56,43
2026-09-24,11560,1689,-1006
2026-09-24,11563,616,-1032
2026-09-24,11564,1451,-1820
2026-09-24,11566,848,-2006
2026-09-24,11576,52,-1
2026-09-24,11581,514,246
2026-09-24,11583,291,-651
2026-09-24,11584,3600,314
2026-09-24,11586,918,-160
2026-09-24,11603,24,-127
2026-09-24,11604,4740,-1412
2026-09-24,11610,139,20
2026-09-24,11620,776,-1132
2026-09-24,11624,541,138
2026-09-24,11625,424,427
2026-09-24,11628,588,-1178
2026-09-24,11631,763,-597
2026-09-24,11632,3462,-1309
2026-09-24,11635,2497,-1119
2026-09-24,11637,72,73
2026-09-24,11646,1863,1355
2026-09-24,11834,698,607
2026-09-24,12474,409,63
2026-09-24,12481,2801,-1166
2026-09-24,12487,95,54
2026-09-24,12489,571,-892
2026-09-24,12490,2274,-242
2026-09-24,12492,45,46
2026-09-24,12493,307,-7
2026-09-24,12501,1041,403
2026-09-24,12504,3,4
2026-09-24,12506,652,-1005
2026-09-24,12507,5243,-1461
2026-09-24,12512,1938,-1127
2026-09-24,12514,2256,-1153
2026-09-24,12517,1444,-2249
2026-09-24,12518,2227,-1004
2026-09-24,12519,1269,-1221
2026-09-24,12522,132,-127
2026-09-24,12526,3098,-838
2026-09-24,12527,6802,1224
2026-09-24,12529,2579,-636
2026-09-24,12533,896,50
2026-09-24,12534,950,-14
2026-09-24,12545,1109,395
2026-09-24,13279,701,-1228
2026-09-24,13281,498,-553
2026-09-24,13285,115,116
2026-09-24,13286,1831,-724
2026-09-24,13287,3962,-922
2026-09-24,13294,218,-803
2026-09-24,13296,284,286
2026-09-24,13298,494,-422
2026-09-24,13301,103,104
2026-09-24,13305,130,-827
2026-09-24,13330,67,-232
2026-09-24,13337,429,344
2026-09-24,13345,837,611
2026-09-24,13346,1085,794
2026-09-24,13414,447,405
2026-09-24,13417,155,-449
2026-09-25,96,37,-75
2026-09-25,421,970,-548
2026-09-25,1166,176,118
2026-09-25,1339,5,6
2026-09-25,1373,78,2
2026-09-25,1466,1854,582
2026-09-25,1479,50,-185
2026-09-25,2133,2937,233
2026-09-25,2216,1850,35
2026-09-25,2306,100,100
2026-09-25,2307,71,71
2026-09-25,2449,1268,263
2026-09-25,2505,38,13
2026-09-25,3163,1279,554
2026-09-25,3198,7346,1493
2026-09-25,3214,202,-25
2026-09-25,3257,87,3
2026-09-25,3294,1555,-344
2026-09-25,3634,13,14
2026-09-25,4017,44,3
2026-09-25,4034,8448,-122
2026-09-25,4035,371,278
2026-09-25,4037,723,-115
2026-09-25,4046,2179,445
2026-09-25,4177,10,11
2026-09-25,4199,1178,765
2026-09-25,4217,1691,180
2026-09-25,4866,5110,-1844
2026-09-25,4881,3712,-554
2026-09-25,4892,538,-453
2026-09-25,4943,256,-65
2026-09-25,4983,2207,-293
2026-09-25,4984,6570,647
2026-09-25,5001,647,476
2026-09-25,5012,690,60
2026-09-25,5022,479,-58
2026-09-25,5045,515,-449
2026-09-25,5844,201,31
2026-09-25,5846,1043,-211
2026-09-25,5849,494,-64
2026-09-25,5850,1740,-2423
2026-09-25,5854,39,39
2026-09-25,5859,2234,-3810
2026-09-25,5870,218,-7
2026-09-25,5872,863,322
2026-09-25,5892,3070,-483
2026-09-25,5927,1010,-1100
2026-09-25,5947,234,-131
2026-09-25,5967,769,-540
2026-09-25,6130,24,25
2026-09-25,6770,2254,-1005
2026-09-25,6786,7395,84
2026-09-25,6790,3821,738
2026-09-25,6794,7039,-353
2026-09-25,6797,1203,-828
2026-09-25,6801,2869,-934
2026-09-25,6804,804,335
2026-09-25,6806,650,-371
2026-09-25,6813,8836,303
2026-09-25,6819,451,-465
2026-09-25,6904,2268,-335
2026-09-25,7002,567,158
2026-09-25,7021,741,-718
2026-09-25,7523,1414,-499
2026-09-25,7525,4341,436
2026-09-25,7526,3055,-229
2026-09-25,7543,1902,-1941
2026-09-25,7547,8876,446
2026-09-25,7553,742,-916
2026-09-25,7564,9103,-109
2026-09-25,7567,235,-630
2026-09-25,7569,4299,-1000
2026-09-25,7571,404,407
2026-09-25,7588,4603,35
2026-09-25,7594,2926,1535
2026-09-25,7600,67,69
2026-09-25,7611,1188,-69
2026-09-25,8110,782,65
2026-09-25,8112,4516,-1001
2026-09-25,8121,456,-158
2026-09-25,8126,214,-564
2026-09-25,8130,6122,638
2026-09-25,8131,1084,368
2026-09-25,8132,250,-108
2026-09-25,8134,400,-143
2026-09-25,8136,560,-37
2026-09-25,8137,3939,-1310
2026-09-25,8138,7036,-687
2026-09-25,8142,351,-394
2026-09-25,8144,5562,600
2026-09-25,8146,3752,451
2026-09-25,8148,1397,-706
2026-09-25,8150,4412,-160
2026-09-25,8151,8821,2966
2026-09-25,8154,93,-114
2026-09-25,8155,4513,241
2026-09-25,8161,160,-60
2026-09-25,8167,3055,1235
2026-09-25,8180,21,-245
2026-09-25,8183,1891,700
2026-09-25,8228,1587,-397
2026-09-25,8408,434,-409
2026-09-25,8676,107,-255
2026-09-25,9221,10224,-300
2026-09-25,9224,6400,-223
2026-09-25,9225,281,166
2026-09-25,9226,5441,-2188
2026-09-25,9228,938,762
2026-09-25,9480,150,-89
2026-09-25,9482,29,30
2026-09-25,9484,1415,-581
2026-09-25,9486,536,540
2026-09-25,9487,3130,1422
2026-09-25,9488,9658,757
2026-09-25,9493,7729,-1420
2026-09-25,9500,1111,254
2026-09-25,9502,24,-90
2026-09-25,9504,119,-12
2026-09-25,9508,170,-21
2026-09-25,9509,9780,-467
2026-09-25,9511,63,-84
2026-09-25,9753,297,-153
2026-09-25,9754,427,-263
2026-09-25,9756,485,-320
2026-09-25,9758,462,178
2026-09-25,9997,4229,658
2026-09-25,10213,499,395
2026-09-25,10219,91,-228
2026-09-25,10222,105,-742
2026-09-25,10229,2924,-1004
2026-09-25,10232,850,-382
2026-09-25,10236,2616,2149
2026-09-25,10859,1868,-40
2026-09-25,11435,176,177
2026-09-25,11559,111,111
2026-09-25,11560,1610,-1051
2026-09-25,11563,596,-994
2026-09-25,11564,1506,-1650
2026-09-25,11566,461,-2370
2026-09-25,11576,36,-16
2026-09-25,11581,476,194
2026-09-25,11583,116,-973
2026-09-25,11584,3947,756
2026-09-25,11586,1162,146
2026-09-25,11603,29,-123
2026-09-25,11604,4541,-1280
2026-09-25,11610,108,0
2026-09-25,11620,965,-951
2026-09-25,11624,530,121
2026-09-25,11625,394,397
2026-09-25,11628,711,-838
2026-09-25,11631,613,-816
2026-09-25,11632,3508,-1711
2026-09-25,11635,3001,-448
2026-09-25,11637,101,102
2026-09-25,11646,1908,1445
2026-09-25,11834,509,481
2026-09-25,12474,382,-20
2026-09-25,12481,2976,-693
2026-09-25,12487,84,87
2026-09-25,12489,572,-828
2026-09-25,12490,2263,-111
2026-09-25,12492,32,33
2026-09-25,12493,371,110
2026-09-25,12501,1077,462
2026-09-25,12504,41,42
2026-09-25,12506,618,-991
2026-09-25,12507,5150,-1304
2026-09-25,12512,1767,-1097
2026-09-25,12514,2263,-999
2026-09-25,12517,1280,-2225
2026-09-25,12518,2190,-1067
2026-09-25,12519,1241,-1313
2026-09-25,12522,159,-119
2026-09-25,12526,3072,-590
2026-09-25,12527,6740,1276
2026-09-25,12529,2493,-387
2026-09-25,12533,713,-164
2026-09-25,12534,837,-24
2026-09-25,12545,1107,486
2026-09-25,13269,32,-14
2026-09-25,13279,727,-1301
2026-09-25,13281,481,-483
2026-09-25,13285,46,17
2026-09-25,13286,1763,-859
2026-09-25,13287,3880,-705
2026-09-25,13294,253,-770
2026-09-25,13296,244,222
2026-09-25,13298,489,-345
2026-09-25,13301,84,85
2026-09-25,13305,119,-855
2026-09-25,13330,92,-191
2026-09-25,13337,356,267
2026-09-25,13345,734,521
2026-09-25,13346,1086,811
2026-09-25,13414,438,385
2026-09-25,13417,83,-494
2026-09-26,96,63,-62
2026-09-26,421,1041,-466
2026-09-26,1166,235,161
2026-09-26,1339,12,13
2026-09-26,1373,36,-24
2026-09-26,1466,1658,344
2026-09-26,1479,30,-204
2026-09-26,2133,3000,371
2026-09-26,2216,1834,-143
2026-09-26,2306,135,135
2026-09-26,2307,61,61
2026-09-26,2449,995,-57
2026-09-26,2505,146,116
2026-09-26,3163,1262,343
2026-09-26,3198,7166,1158
2026-09-26,3214,234,3
2026-09-26,3257,69,9
2026-09-26,3294,1522,-450
2026-09-26,3634,20,21
2026-09-26,4017,64,26
2026-09-26,4034,8347,-96
2026-09-26,4035,419,342
2026-09-26,4037,620,-307
2026-09-26,4046,2348,548
2026-09-26,4199,1262,838
2026-09-26,4217,1794,353
2026-09-26,4866,5550,-1659
2026-09-26,4881,3721,-494
2026-09-26,4892,424,-480
2026-09-26,4943,423,100
2026-09-26,4983,2493,-66
2026-09-26,4984,6916,849
2026-09-26,5001,677,508
2026-09-26,5012,649,4
2026-09-26,5022,390,-159
2026-09-26,5045,585,-490
2026-09-26,5844,255,58
2026-09-26,5846,1041,-201
2026-09-26,5849,494,-11
2026-09-26,5850,1709,-2471
2026-09-26,5854,40,40
2026-09-26,5859,2534,-3393
2026-09-26,5870,178,-47
2026-09-26,5872,840,276
2026-09-26,5892,3327,31
2026-09-26,5927,1035,-1224
2026-09-26,5947,257,-142
2026-09-26,5967,849,-448
2026-09-26,5995,1,2
2026-09-26,6130,7,8
2026-09-26,6770,2030,-1218
2026-09-26,6786,7724,184
2026-09-26,6790,4283,1172
2026-09-26,6794,7110,-247
2026-09-26,6797,1148,-877
2026-09-26,6801,3029,-722
2026-09-26,6804,591,79
2026-09-26,6806,623,-398
2026-09-26,6813,8864,140
2026-09-26,6819,478,-547
2026-09-26,6904,2100,-568
2026-09-26,7002,589,159
2026-09-26,7021,777,-644
2026-09-26,7523,1464,-237
2026-09-26,7525,4197,45
2026-09-26,7526,3307,-148
2026-09-26,7543,2015,-1868
2026-09-26,7547,8874,554
2026-09-26,7553,616,-1078
2026-09-26,7564,9012,-332
2026-09-26,7567,245,-680
2026-09-26,7569,4458,-784
2026-09-26,7571,404,407
2026-09-26,7588,4662,94
2026-09-26,7594,3092,1699
2026-09-26,7600,126,130
2026-09-26,7611,1059,-258
2026-09-26,8110,627,-65
2026-09-26,8112,4459,-1011
2026-09-26,8121,455,-140
2026-09-26,8126,207,-683
2026-09-26,8130,6152,475
2026-09-26,8131,912,179
2026-09-26,8132,289,-79
2026-09-26,8134,493,-8
2026-09-26,8136,612,24
2026-09-26,8137,4005,-1659
2026-09-26,8138,7307,-636
2026-09-26,8142,293,-463
2026-09-26,8144,5894,888
2026-09-26,8146,3732,257
2026-09-26,8148,1493,-641
2026-09-26,8150,4209,-660
2026-09-26,8151,8882,2781
2026-09-26,8154,68,-141
2026-09-26,8155,4644,284
2026-09-26,8161,199,-40
2026-09-26,8167,3174,1328
2026-09-26,8183,2283,1263
2026-09-26,8228,1616,-177
2026-09-26,8408,374,-599
2026-09-26,8676,134,-205
2026-09-26,9221,10405,-93
2026-09-26,9224,6120,-481
2026-09-26,9225,344,229
2026-09-26,9226,5202,-2449
2026-09-26,9228,983,807
2026-09-26,9480,135,-82
2026-09-26,9482,27,28
2026-09-26,9484,1381,-777
2026-09-26,9486,560,524
2026-09-26,9487,3504,1678
2026-09-26,9488,9555,802
2026-09-26,9493,7565,-1523
2026-09-26,9500,1023,142
2026-09-26,9502,19,-89
2026-09-26,9504,135,-19
2026-09-26,9508,177,-12
2026-09-26,9509,9773,-514
2026-09-26,9511,62,-119
2026-09-26,9753,315,-110
2026-09-26,9754,381,-375
2026-09-26,9756,494,-398
2026-09-26,9758,442,176
2026-09-26,9997,4377,629
2026-09-26,10213,498,387
2026-09-26,10218,22,17
2026-09-26,10219,78,-291
2026-09-26,10222,59,-857
2026-09-26,10229,2594,-1513
2026-09-26,10232,920,-276
2026-09-26,10236,2656,2135
2026-09-26,10859,2133,176
2026-09-26,11435,171,172
2026-09-26,11559,108,108
2026-09-26,11560,1486,-1199
2026-09-26,11563,586,-1052
2026-09-26,11564,1374,-1732
2026-09-26,11566,577,-2422
2026-09-26,11576,67,17
2026-09-26,11581,468,63
2026-09-26,11583,83,-984
2026-09-26,11584,3845,607
2026-09-26,11586,978,-116
2026-09-26,11603,32,-108
2026-09-26,11604,4581,-1500
2026-09-26,11610,120,-14
2026-09-26,11620,1075,-761
2026-09-26,11624,512,71
2026-09-26,11625,412,415
2026-09-26,11628,711,-875
2026-09-26,11631,760,-654
2026-09-26,11632,3351,-2029
2026-09-26,11635,2727,-773
2026-09-26,11637,100,101
2026-09-26,11646,1770,1251
2026-09-26,11834,602,525
2026-09-26,12474,400,-4
2026-09-26,12481,2770,-1078
2026-09-26,12487,155,159
2026-09-26,12489,592,-844
2026-09-26,12490,2641,171
2026-09-26,12492,38,39
2026-09-26,12493,306,59
2026-09-26,12501,1357,791
2026-09-26,12506,671,-896
2026-09-26,12507,5069,-1912
2026-09-26,12512,1792,-901
2026-09-26,12514,2174,-1146
2026-09-26,12517,1279,-2326
2026-09-26,12518,2142,-1006
2026-09-26,12519,1224,-1405
2026-09-26,12522,199,-84
2026-09-26,12526,3257,-226
2026-09-26,12527,6894,1114
2026-09-26,12529,2512,-290
2026-09-26,12533,784,-76
2026-09-26,12534,858,81
2026-09-26,12545,1209,502
2026-09-26,13269,8,-23
2026-09-26,13279,818,-1253
2026-09-26,13281,479,-486
2026-09-26,13285,72,37
2026-09-26,13286,1602,-1054
2026-09-26,13287,3924,-742
2026-09-26,13293,30,-271
2026-09-26,13294,224,-827
2026-09-26,13296,188,134
2026-09-26,13298,496,-373
2026-09-26,13301,65,66
2026-09-26,13305,136,-703
2026-09-26,13330,89,-230
2026-09-26,13337,323,228
2026-09-26,13345,656,481
2026-09-26,13346,1101,844
2026-09-26,13414,385,352
2026-09-26,13417,67,-542
2026-09-27,96,54,-54
2026-09-27,421,742,-505
2026-09-27,1166,195,149
2026-09-27,1339,11,12
2026-09-27,1373,53,0
2026-09-27,1466,1739,482
2026-09-27,1479,40,-192
2026-09-27,2133,2986,502
2026-09-27,2216,1876,59
2026-09-27,2306,138,138
2026-09-27,2307,65,65
2026-09-27,2449,1192,95
2026-09-27,2505,161,158
2026-09-27,3163,1200,214
2026-09-27,3198,7329,1244
2026-09-27,3214,201,-34
2026-09-27,3257,48,1
2026-09-27,3294,1573,-431
2026-09-27,3634,22,23
2026-09-27,4017,81,39
2026-09-27,4034,8038,-482
2026-09-27,4035,468,386
2026-09-27,4037,519,-362
2026-09-27,4039,6,7
2026-09-27,4046,2647,965
2026-09-27,4199,1299,918
2026-09-27,4217,1965,427
2026-09-27,4866,5425,-1748
2026-09-27,4881,3874,-452
2026-09-27,4892,469,-237
2026-09-27,4943,418,133
2026-09-27,4983,2120,-416
2026-09-27,4984,7029,1094
2026-09-27,4993,7,8
2026-09-27,5001,662,509
2026-09-27,5012,775,132
2026-09-27,5022,463,-117
2026-09-27,5045,530,-510
2026-09-27,5844,268,69
2026-09-27,5846,953,-379
2026-09-27,5849,434,-58
2026-09-27,5850,1746,-2317
2026-09-27,5854,33,33
2026-09-27,5859,2570,-3474
2026-09-27,5870,133,-78
2026-09-27,5872,838,270
2026-09-27,5892,3040,-95
2026-09-27,5927,1140,-1074
2026-09-27,5947,260,-111
2026-09-27,5967,1076,-96
2026-09-27,5995,1,2
2026-09-27,6770,2163,-1004
2026-09-27,6786,7884,534
2026-09-27,6790,3683,537
2026-09-27,6794,7389,20
2026-09-27,6797,1071,-1028
2026-09-27,6801,2937,-763
2026-09-27,6804,370,-271
2026-09-27,6806,612,-440
2026-09-27,6813,9107,273
2026-09-27,6819,500,-500
2026-09-27,6904,2072,-568
2026-09-27,7002,739,370
2026-09-27,7021,859,-656
2026-09-27,7523,1596,-86
2026-09-27,7525,4491,387
2026-09-27,7526,3060,-322
2026-09-27,7543,1887,-1927
2026-09-27,7547,8685,304
2026-09-27,7553,547,-1130
2026-09-27,7564,8801,-696
2026-09-27,7567,259,-581
2026-09-27,7569,4558,-678
2026-09-27,7571,437,440
2026-09-27,7588,4458,-54
2026-09-27,7594,3472,2180
2026-09-27,7600,134,138
2026-09-27,7611,1072,-280
2026-09-27,8110,645,-53
2026-09-27,8112,4655,-822
2026-09-27,8121,464,-89
2026-09-27,8126,193,-677
2026-09-27,8130,6372,849
2026-09-27,8131,907,206
2026-09-27,8132,262,-103
2026-09-27,8134,458,1
2026-09-27,8136,683,78
2026-09-27,8137,4099,-1355
2026-09-27,8138,7310,-657
2026-09-27,8142,231,-514
2026-09-27,8144,5929,1022
2026-09-27,8146,3580,-113
2026-09-27,8148,1576,-753
2026-09-27,8150,4454,-73
2026-09-27,8151,9223,2830
2026-09-27,8154,63,-132
2026-09-27,8155,4640,302
2026-09-27,8161,175,-52
2026-09-27,8167,3322,1514
2026-09-27,8180,21,-196
2026-09-27,8183,2006,1030
2026-09-27,8228,1870,162
2026-09-27,8408,416,-518
2026-09-27,8676,105,-220
2026-09-27,9221,10414,-53
2026-09-27,9224,6005,-534
2026-09-27,9225,301,179
2026-09-27,9226,5341,-1998
2026-09-27,9228,1135,981
2026-09-27,9480,134,-102
2026-09-27,9484,1313,-821
2026-09-27,9486,583,520
2026-09-27,9487,3535,1717
2026-09-27,9488,9584,957
2026-09-27,9493,7550,-1523
2026-09-27,9500,1154,289
2026-09-27,9502,34,-61
2026-09-27,9504,101,-63
2026-09-27,9508,160,-17
2026-09-27,9509,9734,-554
2026-09-27,9511,37,-123
2026-09-27,9753,410,-5
2026-09-27,9754,400,-324
2026-09-27,9756,568,-264
2026-09-27,9758,388,115
2026-09-27,9997,4414,867
2026-09-27,10213,465,331
2026-09-27,10218,16,17
2026-09-27,10219,49,-369
2026-09-27,10222,90,-717
2026-09-27,10229,2610,-1646
2026-09-27,10232,834,-266
2026-09-27,10236,2755,2175
2026-09-27,10859,1805,-178
2026-09-27,11435,240,241
2026-09-27,11559,79,79
2026-09-27,11560,1366,-1219
2026-09-27,11563,565,-1031
2026-09-27,11564,1559,-1605
2026-09-27,11566,432,-2443
2026-09-27,11576,85,38
2026-09-27,11581,403,-181
2026-09-27,11583,92,-969
2026-09-27,11584,4162,923
2026-09-27,11586,1027,103
2026-09-27,11603,31,-113
2026-09-27,11604,4624,-1186
2026-09-27,11610,159,4
2026-09-27,11620,1219,-640
2026-09-27,11624,565,143
2026-09-27,11625,413,393
2026-09-27,11628,701,-1063
2026-09-27,11631,667,-783
2026-09-27,11632,3387,-1796
2026-09-27,11635,2952,-802
2026-09-27,11637,86,87
2026-09-27,11646,1940,1462
2026-09-27,11834,532,426
2026-09-27,12474,385,-63
2026-09-27,12481,3046,-807
2026-09-27,12487,241,194
2026-09-27,12489,731,-744
2026-09-27,12490,2287,-157
2026-09-27,12492,24,7
2026-09-27,12493,385,140
2026-09-27,12501,1361,845
2026-09-27,12506,645,-826
2026-09-27,12507,5024,-1641
2026-09-27,12509,5,6
2026-09-27,12512,2120,-635
2026-09-27,12514,2368,-1025
2026-09-27,12517,1338,-2163
2026-09-27,12518,2244,-772
2026-09-27,12519,1120,-1738
2026-09-27,12522,144,-142
2026-09-27,12526,3503,143
2026-09-27,12527,6911,951
2026-09-27,12529,2585,123
2026-09-27,12533,747,-55
2026-09-27,12534,811,-77
2026-09-27,12545,1340,875
2026-09-27,13279,760,-1289
2026-09-27,13281,562,-85
2026-09-27,13285,67,68
2026-09-27,13286,1501,-1044
2026-09-27,13287,4066,-399
2026-09-27,13293,11,-293
2026-09-27,13294,248,-898
2026-09-27,13296,166,96
2026-09-27,13298,467,-288
2026-09-27,13305,117,-587
2026-09-27,13330,114,-169
2026-09-27,13337,418,333
2026-09-27,13345,546,313
2026-09-27,13346,993,739
2026-09-27,13414,434,361
2026-09-27,13417,72,-562
2026-09-28,96,80,-18
2026-09-28,421,1150,-131
2026-09-28,1166,243,190
2026-09-28,1373,68,13
2026-09-28,1466,1596,402
2026-09-28,1479,64,-170
2026-09-28,2133,3299,1070
2026-09-28,2216,2002,238
2026-09-28,2306,138,138
2026-09-28,2307,99,99
2026-09-28,2449,1439,374
2026-09-28,2505,172,177
2026-09-28,3163,1340,306
2026-09-28,3198,7585,1418
2026-09-28,3214,205,-40
2026-09-28,3257,58,-10
2026-09-28,3294,1774,-196
2026-09-28,3321,9,10
2026-09-28,3634,22,23
2026-09-28,4017,105,48
2026-09-28,4034,8244,-30
2026-09-28,4035,401,310
2026-09-28,4037,627,-262
2026-09-28,4046,2862,1128
2026-09-28,4177,5,6
2026-09-28,4199,1274,881
2026-09-28,4217,1940,437
2026-09-28,4866,5122,-2159
2026-09-28,4881,3781,-355
2026-09-28,4892,512,-191
2026-09-28,4943,478,204
2026-09-28,4983,2262,-329
2026-09-28,4984,6904,1172
2026-09-28,5001,676,512
2026-09-28,5012,849,212
2026-09-28,5022,397,-203
2026-09-28,5045,555,-383
2026-09-28,5844,251,21
2026-09-28,5846,1114,-331
2026-09-28,5849,510,14
2026-09-28,5850,1926,-1735
2026-09-28,5854,20,20
2026-09-28,5859,2545,-3341
2026-09-28,5870,114,-91
2026-09-28,5872,921,304
2026-09-28,5892,3323,187
2026-09-28,5927,1140,-1258
2026-09-28,5947,288,-69
2026-09-28,5967,992,-45
2026-09-28,6770,2167,-1090
2026-09-28,6786,7621,557
2026-09-28,6790,3677,239
2026-09-28,6794,6779,-669
2026-09-28,6797,959,-1137
2026-09-28,6801,3357,-458
2026-09-28,6804,427,-100
2026-09-28,6806,641,-342
2026-09-28,6813,8815,60
2026-09-28,6819,491,-458
2026-09-28,6904,2114,-610
2026-09-28,7002,610,214
2026-09-28,7021,796,-931
2026-09-28,7523,1491,-278
2026-09-28,7525,4477,489
2026-09-28,7526,3178,-371
2026-09-28,7543,2211,-1881
2026-09-28,7547,8390,-34
2026-09-28,7553,485,-1286
2026-09-28,7564,9184,-236
2026-09-28,7567,241,-606
2026-09-28,7569,4502,-760
2026-09-28,7571,445,449
2026-09-28,7588,4485,-29
2026-09-28,7594,3248,1964
2026-09-28,7600,114,117
2026-09-28,7611,1218,-272
2026-09-28,8110,616,-107
2026-09-28,8112,4917,-538
2026-09-28,8121,452,-76
2026-09-28,8126,200,-571
2026-09-28,8130,6097,475
2026-09-28,8131,861,87
2026-09-28,8132,270,-117
2026-09-28,8134,416,-70
2026-09-28,8136,697,44
2026-09-28,8137,4546,-918
2026-09-28,8138,7292,-789
2026-09-28,8142,280,-529
2026-09-28,8144,6136,1312
2026-09-28,8146,4091,489
2026-09-28,8148,1489,-830
2026-09-28,8150,4683,-2
2026-09-28,8151,9165,3095
2026-09-28,8154,74,-147
2026-09-28,8155,4641,343
2026-09-28,8161,188,5
2026-09-28,8167,3663,1718
2026-09-28,8183,2049,1149
2026-09-28,8228,2052,281
2026-09-28,8408,368,-707
2026-09-28,8676,128,-169
2026-09-28,9221,10682,107
2026-09-28,9224,5664,-1067
2026-09-28,9225,278,164
2026-09-28,9226,5003,-2614
2026-09-28,9228,1274,1116
2026-09-28,9480,126,-128
2026-09-28,9482,52,54
2026-09-28,9484,1337,-889
2026-09-28,9486,534,468
2026-09-28,9487,3726,1763
2026-09-28,9488,9630,815
2026-09-28,9493,7585,-1514
2026-09-28,9500,1267,368
2026-09-28,9502,17,-71
2026-09-28,9504,95,-74
2026-09-28,9508,130,-65
2026-09-28,9509,9812,-307
2026-09-28,9511,61,-110
2026-09-28,9753,407,-34
2026-09-28,9754,422,-379
2026-09-28,9756,525,-284
2026-09-28,9758,395,120
2026-09-28,9997,4459,759
2026-09-28,10213,438,309
2026-09-28,10218,14,15
2026-09-28,10219,116,-275
2026-09-28,10222,98,-640
2026-09-28,10229,2835,-1121
2026-09-28,10232,1023,-229
2026-09-28,10236,2490,1819
2026-09-28,10859,1794,-156
2026-09-28,11435,230,231
2026-09-28,11559,89,89
2026-09-28,11560,1623,-1064
2026-09-28,11563,597,-917
2026-09-28,11564,1546,-1703
2026-09-28,11566,570,-2322
2026-09-28,11576,133,83
2026-09-28,11581,399,-193
2026-09-28,11583,109,-916
2026-09-28,11584,4176,785
2026-09-28,11586,1007,-1
2026-09-28,11603,31,-99
2026-09-28,11604,4690,-857
2026-09-28,11610,135,-35
2026-09-28,11620,923,-1118
2026-09-28,11624,613,175
2026-09-28,11625,380,348
2026-09-28,11628,643,-1094
2026-09-28,11631,831,-608
2026-09-28,11632,3785,-1354
2026-09-28,11635,2978,-774
2026-09-28,11637,123,124
2026-09-28,11646,2083,1592
2026-09-28,11834,703,593
2026-09-28,12474,468,14
2026-09-28,12481,3142,-322
2026-09-28,12487,406,346
2026-09-28,12489,758,-635
2026-09-28,12490,2741,399
2026-09-28,12492,39,19
2026-09-28,12493,378,145
2026-09-28,12501,1547,1027
2026-09-28,12506,657,-760
2026-09-28,12507,5098,-1767
2026-09-28,12512,2321,-497
2026-09-28,12514,2276,-1177
2026-09-28,12517,1318,-2539
2026-09-28,12518,2227,-731
2026-09-28,12519,1203,-1506
2026-09-28,12522,145,-135
2026-09-28,12526,3609,141
2026-09-28,12527,6794,737
2026-09-28,12529,2789,199
2026-09-28,12533,709,-183
2026-09-28,12534,897,121
2026-09-28,12545,1454,821
2026-09-28,13279,943,-871
2026-09-28,13281,580,-85
2026-09-28,13285,50,6
2026-09-28,13286,1644,-998
2026-09-28,13287,3909,-940
2026-09-28,13293,6,-315
2026-09-28,13294,263,-853
2026-09-28,13296,130,23
2026-09-28,13298,505,-317
2026-09-28,13301,24,25
2026-09-28,13305,132,-568
2026-09-28,13311,18,14
2026-09-28,13317,1,2
2026-09-28,13330,206,-37
2026-09-28,13337,390,303
2026-09-28,13345,454,222
2026-09-28,13346,916,671
2026-09-28,13414,456,380
2026-09-28,13417,37,-591
2026-09-29,96,53,-53
2026-09-29,421,1059,105
2026-09-29,1166,253,228
2026-09-29,1339,10,11
2026-09-29,1373,121,54
2026-09-29,1466,1858,597
2026-09-29,1479,99,-110
2026-09-29,2133,2983,442
2026-09-29,2216,1886,242
2026-09-29,2306,115,115
2026-09-29,2307,92,92
2026-09-29,2449,1087,92
2026-09-29,2505,223,229
2026-09-29,3163,1352,179
2026-09-29,3198,7717,1715
2026-09-29,3214,199,-40
2026-09-29,3257,82,19
2026-09-29,3294,1601,-370
2026-09-29,3321,33,34
2026-09-29,3634,5,6
2026-09-29,4017,86,45
2026-09-29,4034,8372,-97
2026-09-29,4035,553,461
2026-09-29,4037,593,-374
2026-09-29,4039,16,4
2026-09-29,4046,2374,718
2026-09-29,4177,7,8
2026-09-29,4199,1249,904
2026-09-29,4217,1822,439
2026-09-29,4866,5392,-1605
2026-09-29,4881,4140,-43
2026-09-29,4892,455,-361
2026-09-29,4943,542,204
2026-09-29,4983,2452,-305
2026-09-29,4984,6981,1445
2026-09-29,5001,707,534
2026-09-29,5012,721,122
2026-09-29,5022,308,-273
2026-09-29,5045,563,-423
2026-09-29,5844,221,15
2026-09-29,5846,932,-397
2026-09-29,5849,535,-60
2026-09-29,5850,1617,-1920
2026-09-29,5859,2480,-3352
2026-09-29,5870,123,-105
2026-09-29,5872,1044,390
2026-09-29,5892,2809,-415
2026-09-29,5927,1517,-847
2026-09-29,5947,361,73
2026-09-29,5967,870,-276
2026-09-29,6130,17,18
2026-09-29,6770,2078,-1163
2026-09-29,6786,7656,592
2026-09-29,6790,3544,141
2026-09-29,6794,6432,-1181
2026-09-29,6797,798,-1337
2026-09-29,6801,3241,-534
2026-09-29,6804,710,266
2026-09-29,6806,691,-362
2026-09-29,6813,8341,-249
2026-09-29,6819,504,-445
2026-09-29,6904,2132,-662
2026-09-29,7002,672,291
2026-09-29,7021,632,-1129
2026-09-29,7523,1400,-337
2026-09-29,7525,4591,379
2026-09-29,7526,2813,-845
2026-09-29,7543,1868,-2297
2026-09-29,7547,8447,-46
2026-09-29,7553,494,-1238
2026-09-29,7564,9260,-108
2026-09-29,7567,269,-594
2026-09-29,7569,4712,-703
2026-09-29,7571,413,416
2026-09-29,7588,4741,94
2026-09-29,7594,3288,1992
2026-09-29,7600,93,96
2026-09-29,7611,1151,-439
2026-09-29,8110,622,-157
2026-09-29,8112,5108,-398
2026-09-29,8121,440,-145
2026-09-29,8126,292,-522
2026-09-29,8130,5424,-382
2026-09-29,8131,770,7
2026-09-29,8132,262,-134
2026-09-29,8134,393,-85
2026-09-29,8136,682,3
2026-09-29,8137,4135,-1242
2026-09-29,8138,6899,-1071
2026-09-29,8142,250,-582
2026-09-29,8144,5933,978
2026-09-29,8146,4030,405
2026-09-29,8148,1331,-665
2026-09-29,8150,4810,-41
2026-09-29,8151,8959,2898
2026-09-29,8154,101,-104
2026-09-29,8155,4236,72
2026-09-29,8161,169,-12
2026-09-29,8167,3659,1665
2026-09-29,8183,1913,905
2026-09-29,8188,1,2
2026-09-29,8228,2031,169
2026-09-29,8408,351,-741
2026-09-29,8676,126,-165
2026-09-29,9221,10597,72
2026-09-29,9224,5518,-1234
2026-09-29,9225,199,68
2026-09-29,9228,1019,841
2026-09-29,9480,107,-177
2026-09-29,9484,1168,-1126
2026-09-29,9486,519,482
2026-09-29,9487,3570,1529
2026-09-29,9488,9741,894
2026-09-29,9493,7210,-1937
2026-09-29,9500,1116,340
2026-09-29,9502,26,-43
2026-09-29,9504,79,-79
2026-09-29,9508,133,-48
2026-09-29,9509,9981,-33
2026-09-29,9511,90,-68
2026-09-29,9753,399,-11
2026-09-29,9754,419,-325
2026-09-29,9756,695,-210
2026-09-29,9758,313,73
2026-09-29,9997,4395,643
2026-09-29,10213,428,303
2026-09-29,10218,14,15
2026-09-29,10219,117,-258
2026-09-29,10222,64,-734
2026-09-29,10229,2845,-1128
2026-09-29,10232,997,-197
2026-09-29,10236,2310,1672
2026-09-29,10859,1605,-408
2026-09-29,11435,168,169
2026-09-29,11559,164,142
2026-09-29,11560,1525,-964
2026-09-29,11563,987,-409
2026-09-29,11564,1392,-1965
2026-09-29,11566,469,-2248
2026-09-29,11576,233,181
2026-09-29,11581,391,-254
2026-09-29,11583,90,-857
2026-09-29,11584,3631,289
2026-09-29,11586,1040,-19
2026-09-29,11603,32,-119
2026-09-29,11604,4770,-1190
2026-09-29,11610,228,63
2026-09-29,11620,859,-1266
2026-09-29,11624,565,171
2026-09-29,11625,392,371
2026-09-29,11628,626,-1087
2026-09-29,11631,711,-759
2026-09-29,11632,3187,-2338
2026-09-29,11635,2641,-1172
2026-09-29,11637,106,107
2026-09-29,11646,1456,921
2026-09-29,11834,582,512
2026-09-29,12474,513,107
2026-09-29,12481,2796,-484
2026-09-29,12487,358,298
2026-09-29,12489,775,-645
2026-09-29,12490,2531,203
2026-09-29,12492,26,0
2026-09-29,12493,285,47
2026-09-29,12501,1701,1151
2026-09-29,12506,679,-886
2026-09-29,12507,4569,-2123
2026-09-29,12512,1656,-1297
2026-09-29,12514,2330,-1117
2026-09-29,12517,1362,-2277
2026-09-29,12518,2430,-345
2026-09-29,12519,1197,-1484
2026-09-29,12522,122,-70
2026-09-29,12526,2611,-828
2026-09-29,12527,6329,418
2026-09-29,12529,2218,-337
2026-09-29,12533,746,-180
2026-09-29,12534,655,-46
2026-09-29,12545,1473,1011
2026-09-29,13279,782,-1036
2026-09-29,13281,602,43
2026-09-29,13285,28,-26
2026-09-29,13286,1316,-1229
2026-09-29,13287,4799,-92
2026-09-29,13293,22,-260
2026-09-29,13294,214,-822
2026-09-29,13296,102,15
2026-09-29,13298,465,-402
2026-09-29,13301,34,35
2026-09-29,13305,95,-547
2026-09-29,13330,413,188
2026-09-29,13337,351,257
2026-09-29,13345,299,58
2026-09-29,13346,1031,798
2026-09-29,13414,346,262
2026-09-30,96,33,-62
2026-09-30,421,651,-570
2026-09-30,1166,228,170
2026-09-30,1373,138,90
2026-09-30,1466,1673,430
2026-09-30,1479,94,-91
2026-09-30,2133,3384,559
2026-09-30,2216,1703,65
2026-09-30,2306,41,41
2026-09-30,2307,54,54
2026-09-30,2449,850,-284
2026-09-30,2505,257,264
2026-09-30,3163,1135,356
2026-09-30,3198,7757,1718
2026-09-30,3214,153,-101
2026-09-30,3257,97,13
2026-09-30,3294,1595,-474
2026-09-30,3321,27,28
2026-09-30,3634,99,100
2026-09-30,4017,80,32
2026-09-30,4034,8216,-349
2026-09-30,4035,532,390
2026-09-30,4037,517,-395
2026-09-30,4039,12,4
2026-09-30,4046,2082,477
2026-09-30,4177,20,21
2026-09-30,4199,1624,1209
2026-09-30,4217,2341,958
2026-09-30,4866,5061,-2058
2026-09-30,4881,3929,-163
2026-09-30,4892,352,-88
2026-09-30,4943,843,500
2026-09-30,4983,2251,-366
2026-09-30,4984,5981,668
2026-09-30,4993,26,27
2026-09-30,5001,544,381
2026-09-30,5012,567,71
2026-09-30,5022,343,-295
2026-09-30,5045,565,-378
2026-09-30,5844,107,-103
2026-09-30,5846,783,-588
2026-09-30,5849,476,-116
2026-09-30,5850,1352,-1505
2026-09-30,5859,2589,-3511
2026-09-30,5870,98,-117
2026-09-30,5872,1057,405
2026-09-30,5892,2495,-818
2026-09-30,5927,1367,-1118
2026-09-30,5947,764,446
2026-09-30,5967,1131,-108
2026-09-30,6770,2023,-1302
2026-09-30,6786,7550,81
2026-09-30,6790,3644,239
2026-09-30,6794,6603,-622
2026-09-30,6797,806,-1354
2026-09-30,6801,3363,-777
2026-09-30,6804,527,82
2026-09-30,6806,645,-655
2026-09-30,6813,8318,23
2026-09-30,6819,438,-714
2026-09-30,6904,1790,-943
2026-09-30,7002,914,596
2026-09-30,7021,500,-1271
2026-09-30,7523,1523,-172
2026-09-30,7525,3713,-843
2026-09-30,7526,2284,-923
2026-09-30,7543,1850,-2023
2026-09-30,7547,8256,-64
2026-09-30,7553,488,-1085
2026-09-30,7564,9028,-394
2026-09-30,7567,241,-403
2026-09-30,7569,4383,-1536
2026-09-30,7571,341,344
2026-09-30,7588,4472,-107
2026-09-30,7594,3410,2160
2026-09-30,7600,90,93
2026-09-30,7611,1001,-790
2026-09-30,8110,737,45
2026-09-30,8112,5227,-132
2026-09-30,8121,387,-237
2026-09-30,8126,458,-415
2026-09-30,8130,5883,-150
2026-09-30,8131,543,-269
2026-09-30,8132,197,-221
2026-09-30,8134,306,-191
2026-09-30,8136,661,-71
2026-09-30,8137,3733,-1534
2026-09-30,8138,7428,-599
2026-09-30,8142,197,-780
2026-09-30,8144,6053,1136
2026-09-30,8146,4320,648
2026-09-30,8148,1179,-978
2026-09-30,8150,4873,176
2026-09-30,8151,8805,2432
2026-09-30,8154,176,-31
2026-09-30,8155,3552,-626
2026-09-30,8161,122,-44
2026-09-30,8167,3539,1498
2026-09-30,8183,1914,654
2026-09-30,8188,2,3
2026-09-30,8228,2348,416
2026-09-30,8408,417,-613
2026-09-30,8676,86,-201
2026-09-30,9221,10785,163
2026-09-30,9224,5264,-1391
2026-09-30,9225,193,45
2026-09-30,9228,570,395
2026-09-30,9480,89,-258
2026-09-30,9484,1200,-885
2026-09-30,9486,462,445
2026-09-30,9487,3356,1369
2026-09-30,9488,9925,1115
2026-09-30,9493,7359,-1751
2026-09-30,9500,1173,404
2026-09-30,9502,30,-12
2026-09-30,9504,64,-119
2026-09-30,9508,102,-91
2026-09-30,9509,10065,47
2026-09-30,9511,185,31
2026-09-30,9753,750,297
2026-09-30,9754,413,-365
2026-09-30,9756,774,-6
2026-09-30,9758,272,35
2026-09-30,9997,4499,810
2026-09-30,10213,479,363
2026-09-30,10218,8,9
2026-09-30,10219,131,-252
2026-09-30,10229,3050,-1079
2026-09-30,10232,1610,364
2026-09-30,10236,1943,1347
2026-09-30,10859,1565,-243
2026-09-30,11435,101,102
2026-09-30,11559,134,134
2026-09-30,11560,1668,-913
2026-09-30,11563,926,-645
2026-09-30,11564,1119,-2079
2026-09-30,11566,488,-2062
2026-09-30,11576,468,437
2026-09-30,11581,369,-628
2026-09-30,11583,72,-882
2026-09-30,11584,3436,188
2026-09-30,11586,647,-551
2026-09-30,11603,50,-84
2026-09-30,11604,5722,-163
2026-09-30,11610,320,183
2026-09-30,11620,815,-1307
2026-09-30,11624,446,72
2026-09-30,11625,407,384
2026-09-30,11628,570,-1066
2026-09-30,11631,517,-705
2026-09-30,11632,2927,-2766
2026-09-30,11635,2441,-1382
2026-09-30,11637,81,82
2026-09-30,11646,1280,799
2026-09-30,11834,480,389
2026-09-30,12474,487,27
2026-09-30,12481,3075,-458
2026-09-30,12487,194,183
2026-09-30,12489,735,-740
2026-09-30,12490,2885,560
2026-09-30,12492,45,46
2026-09-30,12493,224,-32
2026-09-30,12495,26,27
2026-09-30,12501,1603,1012
2026-09-30,12504,16,-82
2026-09-30,12506,796,-780
2026-09-30,12507,3456,-3233
2026-09-30,12512,1685,-1433
2026-09-30,12514,1871,-1228
2026-09-30,12517,1083,-2765
2026-09-30,12518,2231,-460
2026-09-30,12519,1497,-1455
2026-09-30,12522,87,-125
2026-09-30,12526,2421,-1355
2026-09-30,12527,5796,-279
2026-09-30,12529,2033,-171
2026-09-30,12533,604,-158
2026-09-30,12534,656,-198
2026-09-30,12545,1387,926
2026-09-30,13279,810,-997
2026-09-30,13281,806,169
2026-09-30,13285,34,5
2026-09-30,13286,1264,-1279
2026-09-30,13287,4969,219
2026-09-30,13293,11,-326
2026-09-30,13294,310,-739
2026-09-30,13296,133,55
2026-09-30,13298,449,-416
2026-09-30,13301,25,26
2026-09-30,13305,140,-521
2026-09-30,13311,18,19
2026-09-30,13317,4,5
2026-09-30,13330,494,313
2026-09-30,13337,288,200
2026-09-30,13345,200,-13
2026-09-30,13346,775,578
2026-09-30,13414,403,253
2026-10-01,96,42,-78
2026-10-01,421,956,-407
2026-10-01,1166,237,181
2026-10-01,1373,87,20
2026-10-01,1466,1543,229
2026-10-01,1479,270,128
2026-10-01,2133,3435,596
2026-10-01,2216,1602,-98
2026-10-01,2307,53,53
2026-10-01,2449,995,4
2026-10-01,2505,317,325
2026-10-01,3163,1118,554
2026-10-01,3198,7559,1306
2026-10-01,3214,105,-133
2026-10-01,3257,105,47
2026-10-01,3294,1426,-704
2026-10-01,3321,50,51
2026-10-01,3634,416,419
2026-10-01,4017,98,54
2026-10-01,4034,8200,-677
2026-10-01,4035,594,454
2026-10-01,4037,457,-675
2026-10-01,4046,1952,414
2026-10-01,4177,12,13
2026-10-01,4199,1480,1007
2026-10-01,4217,2249,733
2026-10-01,4866,4710,-2517
2026-10-01,4881,3991,-150
2026-10-01,4892,216,-320
2026-10-01,4943,811,438
2026-10-01,4983,2713,282
2026-10-01,4984,5954,249
2026-10-01,4993,21,22
2026-10-01,5001,517,370
2026-10-01,5012,498,-8
2026-10-01,5022,338,-299
2026-10-01,5045,470,-614
2026-10-01,5844,118,-78
2026-10-01,5846,883,-425
2026-10-01,5849,356,-161
2026-10-01,5850,1054,-897
2026-10-01,5859,2532,-3379
2026-10-01,5870,113,-84
2026-10-01,5872,942,292
2026-10-01,5892,2432,-795
2026-10-01,5927,1213,-1194
2026-10-01,5947,839,554
2026-10-01,5967,939,-381
2026-10-01,6770,2276,-909
2026-10-01,6786,7743,317
2026-10-01,6790,3707,390
2026-10-01,6794,6455,-1189
2026-10-01,6797,693,-1411
2026-10-01,6801,3129,-467
2026-10-01,6804,439,-149
2026-10-01,6806,541,-574
2026-10-01,6813,8136,-11
2026-10-01,6819,454,-748
2026-10-01,6904,1565,-1318
2026-10-01,7002,1006,683
2026-10-01,7021,379,-1409
2026-10-01,7523,1466,-198
2026-10-01,7525,3820,-777
2026-10-01,7526,2153,-1142
2026-10-01,7543,1647,-2441
2026-10-01,7547,8373,146
2026-10-01,7553,492,-1102
2026-10-01,7564,9086,-457
2026-10-01,7567,219,-651
2026-10-01,7569,4532,-1471
2026-10-01,7571,267,269
2026-10-01,7588,4699,156
2026-10-01,7594,3624,2454
2026-10-01,7600,93,96
2026-10-01,7611,1085,-826
2026-10-01,8110,575,-116
2026-10-01,8112,5378,160
2026-10-01,8121,383,-191
2026-10-01,8126,470,-409
2026-10-01,8130,5893,589
2026-10-01,8131,520,-355
2026-10-01,8132,203,-226
2026-10-01,8134,290,-183
2026-10-01,8136,697,58
2026-10-01,8137,4017,-1522
2026-10-01,8138,7052,-962
2026-10-01,8142,146,-952
2026-10-01,8144,5774,855
2026-10-01,8146,4534,748
2026-10-01,8148,1195,-1017
2026-10-01,8150,4972,67
2026-10-01,8151,8930,2890
2026-10-01,8154,177,-63
2026-10-01,8155,3730,-388
2026-10-01,8161,124,-91
2026-10-01,8167,3568,1441
2026-10-01,8180,9,-137
2026-10-01,8183,2126,1247
2026-10-01,8228,2415,442
2026-10-01,8408,406,-810
2026-10-01,8676,55,-210
2026-10-01,9221,10779,402
2026-10-01,9224,5725,-760
2026-10-01,9225,165,29
2026-10-01,9228,590,412
2026-10-01,9480,138,-178
2026-10-01,9484,1004,-1339
2026-10-01,9486,422,378
2026-10-01,9487,3389,1522
2026-10-01,9488,9880,1110
2026-10-01,9493,7353,-1742
2026-10-01,9500,1166,99
2026-10-01,9502,21,-6
2026-10-01,9504,44,-159
2026-10-01,9508,83,-109
2026-10-01,9509,10100,49
2026-10-01,9511,197,58
2026-10-01,9753,575,157
2026-10-01,9754,337,-372
2026-10-01,9756,654,-247
2026-10-01,9757,15,16
2026-10-01,9758,231,-26
2026-10-01,9997,4697,967
2026-10-01,10213,400,253
2026-10-01,10219,113,-274
2026-10-01,10229,3051,-1292
2026-10-01,10232,2035,859
2026-10-01,10236,2071,1484
2026-10-01,10859,1652,-97
2026-10-01,11435,84,85
2026-10-01,11559,132,97
2026-10-01,11560,1593,-1088
2026-10-01,11563,856,-698
2026-10-01,11564,1076,-2212
2026-10-01,11566,491,-2015
2026-10-01,11576,514,486
2026-10-01,11581,310,-904
2026-10-01,11583,55,-1139
2026-10-01,11584,3180,-315
2026-10-01,11586,603,-548
2026-10-01,11603,48,-51
2026-10-01,11604,5997,353
2026-10-01,11610,401,252
2026-10-01,11620,703,-1379
2026-10-01,11624,371,-30
2026-10-01,11625,351,354
2026-10-01,11628,497,-1177
2026-10-01,11631,479,-686
2026-10-01,11632,2739,-2809
2026-10-01,11635,2121,-1924
2026-10-01,11637,31,32
2026-10-01,11643,79,80
2026-10-01,11646,1470,937
2026-10-01,11834,495,418
2026-10-01,12474,476,7
2026-10-01,12481,2997,-555
2026-10-01,12487,159,164
2026-10-01,12489,842,-813
2026-10-01,12490,2653,288
2026-10-01,12492,47,40
2026-10-01,12493,175,-26
2026-10-01,12495,524,525
2026-10-01,12501,1807,1258
2026-10-01,12506,911,-596
2026-10-01,12507,3434,-3103
2026-10-01,12509,19,20
2026-10-01,12512,1706,-1241
2026-10-01,12514,1745,-1224
2026-10-01,12517,1075,-2692
2026-10-01,12518,2108,-561
2026-10-01,12519,1435,-1332
2026-10-01,12522,64,-140
2026-10-01,12526,2325,-1403
2026-10-01,12527,6452,390
2026-10-01,12529,1532,-820
2026-10-01,12533,622,-88
2026-10-01,12534,619,-341
2026-10-01,12545,1414,1034
2026-10-01,13279,1018,-761
2026-10-01,13281,649,154
2026-10-01,13286,1073,-1630
2026-10-01,13287,5337,422
2026-10-01,13294,291,-725
2026-10-01,13296,101,44
2026-10-01,13298,439,-332
2026-10-01,13305,158,-504
2026-10-01,13311,20,21
2026-10-01,13317,5,6
2026-10-01,13330,605,474
2026-10-01,13337,351,262
2026-10-01,13345,157,-57
2026-10-01,13346,663,486
2026-10-01,13414,325,155
2026-10-02,96,53,-50
2026-10-02,421,917,-476
2026-10-02,1166,215,119
2026-10-02,1373,72,43
2026-10-02,1466,1540,175
2026-10-02,1479,400,250
2026-10-02,2133,3426,1017
2026-10-02,2216,1695,-170
2026-10-02,2306,42,30
2026-10-02,2307,34,43
2026-10-02,2449,1062,129
2026-10-02,2505,399,360
2026-10-02,3163,1107,237
2026-10-02,3198,7694,1677
2026-10-02,3214,90,-125
2026-10-02,3257,117,71
2026-10-02,3271,6,0
2026-10-02,3294,1298,-619
2026-10-02,3321,63,85
2026-10-02,3634,516,521
2026-10-02,4017,110,69
2026-10-02,4034,8138,-881
2026-10-02,4035,606,429
2026-10-02,4037,432,-800
2026-10-02,4039,10,6
2026-10-02,4046,1861,612
2026-10-02,4177,19,21
2026-10-02,4199,1589,987
2026-10-02,4217,2524,1056
2026-10-02,4866,4604,-2347
2026-10-02,4881,3674,-277
2026-10-02,4892,245,-318
2026-10-02,4943,733,287
2026-10-02,4983,2380,63
2026-10-02,4984,6280,668
2026-10-02,4993,24,24
2026-10-02,5001,547,364
2026-10-02,5012,443,-127
2026-10-02,5022,308,-299
2026-10-02,5045,425,-601
2026-10-02,5844,104,-30
2026-10-02,5846,853,-591
2026-10-02,5849,357,-158
2026-10-02,5850,1292,-821
2026-10-02,5859,2406,-3687
2026-10-02,5870,84,-129
2026-10-02,5872,810,230
2026-10-02,5892,2517,-547
2026-10-02,5927,1273,-1218
2026-10-02,5947,549,256
2026-10-02,5967,786,-353
2026-10-02,6770,2328,-528
2026-10-02,6786,7208,158
2026-10-02,6790,3897,352
2026-10-02,6794,6272,-783
2026-10-02,6797,801,-1297
2026-10-02,6801,3310,-215
2026-10-02,6804,421,-133
2026-10-02,6806,630,-479
2026-10-02,6813,8345,200
2026-10-02,6819,433,-714
2026-10-02,6904,1379,-1324
2026-10-02,7002,1016,740
2026-10-02,7021,401,-1268
2026-10-02,7049,4,-8
2026-10-02,7523,1431,-253
2026-10-02,7525,3535,-646
2026-10-02,7526,2169,-1144
2026-10-02,7543,1521,-2549
2026-10-02,7547,8676,269
2026-10-02,7553,491,-868
2026-10-02,7564,8878,-461
2026-10-02,7567,275,-829
2026-10-02,7569,4576,-1017
2026-10-02,7571,150,173
2026-10-02,7588,4550,65
2026-10-02,7594,3275,2030
2026-10-02,7600,52,55
2026-10-02,7611,998,-775
2026-10-02,8110,511,-58
2026-10-02,8112,5449,-4
2026-10-02,8121,325,-167
2026-10-02,8126,412,-270
2026-10-02,8130,5718,663
2026-10-02,8131,652,-198
2026-10-02,8132,214,-281
2026-10-02,8134,220,-258
2026-10-02,8136,673,-17
2026-10-02,8137,3929,-1479
2026-10-02,8138,7184,-579
2026-10-02,8142,193,-718
2026-10-02,8144,6252,1524
2026-10-02,8146,4669,1194
2026-10-02,8148,945,-1189
2026-10-02,8150,4596,-17
2026-10-02,8151,8878,2354
2026-10-02,8154,210,-49
2026-10-02,8155,3574,-905
2026-10-02,8161,118,-69
2026-10-02,8167,3676,1512
2026-10-02,8183,2277,1338
2026-10-02,8228,2701,577
2026-10-02,8408,390,-658
2026-10-02,8676,35,-226
2026-10-02,9221,10819,339
2026-10-02,9224,5512,-1499
2026-10-02,9225,128,-54
2026-10-02,9228,508,289
2026-10-02,9480,135,-128
2026-10-02,9484,899,-1376
2026-10-02,9486,422,336
2026-10-02,9487,3345,1302
2026-10-02,9488,9998,1226
2026-10-02,9493,7480,-1767
2026-10-02,9500,1227,538
2026-10-02,9502,11,-54
2026-10-02,9508,62,-73
2026-10-02,9509,10070,-97
2026-10-02,9511,279,105
2026-10-02,9753,758,303
2026-10-02,9754,303,-386
2026-10-02,9756,702,18
2026-10-02,9757,45,37
2026-10-02,9758,275,-13
2026-10-02,9997,4800,947
2026-10-02,10213,281,165
2026-10-02,10219,139,-301
2026-10-02,10229,2812,-1038
2026-10-02,10232,1623,582
2026-10-02,10236,1933,1220
2026-10-02,10859,1547,-182
2026-10-02,11435,64,34
2026-10-02,11559,136,140
2026-10-02,11560,1552,-1185
2026-10-02,11563,877,-699
2026-10-02,11564,1091,-2404
2026-10-02,11566,720,-1653
2026-10-02,11576,481,440
2026-10-02,11581,249,-637
2026-10-02,11583,57,-1002
2026-10-02,11584,3157,277
2026-10-02,11586,757,-288
2026-10-02,11603,34,-70
2026-10-02,11604,6293,721
2026-10-02,11610,341,167
2026-10-02,11620,794,-1117
2026-10-02,11624,387,-27
2026-10-02,11625,309,308
2026-10-02,11628,531,-1194
2026-10-02,11630,2,0
2026-10-02,11631,478,-720
2026-10-02,11632,2950,-2155
2026-10-02,11635,2275,-1322
2026-10-02,11637,26,14
2026-10-02,11643,204,201
2026-10-02,11646,1360,832
2026-10-02,11834,486,369
2026-10-02,12474,604,91
2026-10-02,12481,2926,-699
2026-10-02,12487,88,124
2026-10-02,12489,994,-563
2026-10-02,12490,2689,581
2026-10-02,12492,26,17
2026-10-02,12493,55,-164
2026-10-02,12495,516,487
2026-10-02,12501,1772,1279
2026-10-02,12506,904,-406
2026-10-02,12507,3048,-3440
2026-10-02,12509,11,14
2026-10-02,12512,1411,-1299
2026-10-02,12514,1630,-1465
2026-10-02,12517,1207,-2665
2026-10-02,12518,2255,-794
2026-10-02,12519,1484,-941
2026-10-02,12522,86,-140
2026-10-02,12526,2624,-1303
2026-10-02,12527,6602,806
2026-10-02,12529,1608,-495
2026-10-02,12533,944,33
2026-10-02,12534,681,-187
2026-10-02,12545,1257,881
2026-10-02,13279,822,-754
2026-10-02,13281,676,224
2026-10-02,13285,16,-42
2026-10-02,13286,1022,-1608
2026-10-02,13287,5202,352
2026-10-02,13293,19,-218
2026-10-02,13294,269,-693
2026-10-02,13296,101,-12
2026-10-02,13298,451,-269
2026-10-02,13305,186,-422
2026-10-02,13311,57,28
2026-10-02,13330,662,472
2026-10-02,13337,262,160
2026-10-02,13345,88,-118
2026-10-02,13346,693,535
2026-10-02,13414,307,177
